{"task_0/train_loss": 0.550847168614467, "task_0/train_acc": 74.87, "task_0/test_acc": 82.05, "epoch": 1, "_timestamp": 1734052246.3985198, "_runtime": 1493.732028722763, "_step": 20, "eval_top1/total": 69.59, "eval_top1/00-01": 81.6, "eval_top1/old": 69.88, "eval_top1/new": 52.22, "task": 4, "eval_mean/total": 69.33, "eval_mean/00-01": 81.15, "eval_mean/old": 69.62, "eval_mean/new": 52.22, "eval_mix_top_mean/total": 69.42, "eval_mix_top_mean/00-01": 81.2, "eval_mix_top_mean/old": 69.73, "eval_mix_top_mean/new": 51.11, "task_1/train_loss": 0.6161057085419694, "task_1/train_acc": 67.71, "task_1/test_acc": 78.93, "eval_top1/02-03": 74.12, "eval_mean/02-03": 73.5, "eval_mix_top_mean/02-03": 73.88, "task_2/train_loss": 0.7985903993440965, "task_2/train_acc": 53.46, "task_2/test_acc": 67.61, "eval_top1/04-05": 57.59, "eval_mean/04-05": 57.54, "eval_mix_top_mean/04-05": 57.63, "task_3/train_loss": 0.7360293585062027, "task_3/train_acc": 58.67, "task_3/test_acc": 67.3, "eval_top1/06-07": 66.25, "eval_mean/06-07": 66.5, "eval_mix_top_mean/06-07": 66.5, "task_4/train_loss": 0.7991173595190049, "task_4/train_acc": 45.0, "task_4/test_acc": 67.59, "eval_top1/08-09": 52.22, "eval_mean/08-09": 52.22, "eval_mix_top_mean/08-09": 51.11, "task_5/train_loss": 0.6353928426653147, "task_5/train_acc": 64.88, "task_5/test_acc": 67.42, "_wandb": {"runtime": 1500}}