{"task_0/train_loss": 0.5589963758275622, "task_0/train_acc": 77.98, "task_0/test_acc": 79.31, "epoch": 1, "_timestamp": 1734057351.3988738, "_runtime": 852.4535686969757, "_step": 26, "eval_top1/total": 59.34, "eval_top1/00-01": 79.31, "eval_top1/old": 55.32, "eval_top1/new": 73.0, "task": 5, "eval_mean/total": 59.28, "eval_mean/00-01": 79.31, "eval_mean/old": 55.32, "eval_mean/new": 72.75, "eval_mix_top_mean/total": 59.31, "eval_mix_top_mean/00-01": 79.31, "eval_mix_top_mean/old": 55.32, "eval_mix_top_mean/new": 72.88, "task_1/train_loss": 1.1982801943782746, "task_1/train_acc": 18.18, "task_1/test_acc": 55.84, "eval_top1/02-03": 23.88, "eval_mean/02-03": 23.88, "eval_mix_top_mean/02-03": 23.88, "task_2/train_loss": 0.884008294315014, "task_2/train_acc": 36.01, "task_2/test_acc": 58.24, "eval_top1/04-05": 59.81, "eval_mean/04-05": 61.68, "eval_mix_top_mean/04-05": 60.75, "task_3/train_loss": 0.7230412696301937, "task_3/train_acc": 58.58, "task_3/test_acc": 60.51, "eval_top1/06-07": 62.5, "eval_mean/06-07": 62.0, "eval_mix_top_mean/06-07": 62.0, "task_4/train_loss": 0.8466407066719971, "task_4/train_acc": 51.29, "task_4/test_acc": 55.65, "eval_top1/08-09": 53.71, "eval_mean/08-09": 53.71, "eval_mix_top_mean/08-09": 53.76, "task_5/train_loss": 0.6073806537315249, "task_5/train_acc": 68.83, "task_5/test_acc": 58.71, "eval_top1/10-11": 73.0, "eval_mean/10-11": 72.75, "eval_mix_top_mean/10-11": 72.88, "AF/top1": -0.3489999999999995, "AF/mean": -0.025, "AF/mix_top_mean": -0.1460000000000008, "_wandb": {"runtime": 852}}