{"task_0/train_loss": 0.2827900919531073, "task_0/train_acc": 95.54, "task_0/test_acc": 90.8, "epoch": 5, "_timestamp": 1734060813.3835626, "_runtime": 293.44421648979187, "_step": 26, "eval_top1/total": 91.57, "eval_top1/00-01": 90.8, "eval_top1/old": 90.26, "eval_top1/new": 93.46, "task": 2, "eval_mean/total": 91.57, "eval_mean/00-01": 90.8, "eval_mean/old": 90.26, "eval_mean/new": 93.46, "eval_mix_top_mean/total": 91.57, "eval_mix_top_mean/00-01": 90.8, "eval_mix_top_mean/old": 90.26, "eval_mix_top_mean/new": 93.46, "task_1/train_loss": 0.29583329302588784, "task_1/train_acc": 94.86, "task_1/test_acc": 90.91, "eval_top1/02-03": 89.55, "eval_mean/02-03": 89.55, "eval_mix_top_mean/02-03": 89.55, "task_2/train_loss": 0.21063697287469235, "task_2/train_acc": 100.0, "task_2/test_acc": 94.64, "eval_top1/04-05": 93.46, "eval_mean/04-05": 93.46, "eval_mix_top_mean/04-05": 93.46, "AF/top1": 0.0, "AF/mean": 0.0, "AF/mix_top_mean": 0.0, "_wandb": {"runtime": 292}}