{"task_0/train_loss": 0.5808802755979391, "task_0/train_acc": 75.38, "task_0/test_acc": 54.44, "epoch": 2, "_timestamp": 1734046489.396915, "_runtime": 249.51213002204895, "_step": 12, "eval_top1/total": 69.59, "eval_top1/00-01": 54.44, "eval_top1/old": 54.44, "eval_top1/new": 73.0, "task": 1, "eval_mean/total": 66.33, "eval_mean/00-01": 56.67, "eval_mean/old": 56.67, "eval_mean/new": 68.5, "eval_mix_top_mean/total": 67.76, "eval_mix_top_mean/00-01": 54.44, "eval_mix_top_mean/old": 54.44, "eval_mix_top_mean/new": 70.75, "task_1/train_loss": 0.6395630544424057, "task_1/train_acc": 67.75, "task_1/test_acc": 70.2, "eval_top1/02-03": 73.0, "eval_mean/02-03": 68.5, "eval_mix_top_mean/02-03": 70.75, "AF/top1": 0.0, "AF/mean": 2.230000000000004, "AF/mix_top_mean": 0.0, "_wandb": {"runtime": 249}}