{"task_0/train_loss": 0.6102647971858581, "task_0/train_acc": 67.88, "task_0/test_acc": 73.25, "epoch": 1, "_timestamp": 1734052977.796331, "_runtime": 463.71427488327026, "_step": 12, "eval_top1/total": 69.84, "eval_top1/00-01": 73.38, "eval_top1/old": 71.17, "eval_top1/new": 52.22, "task": 2, "eval_mean/total": 69.69, "eval_mean/00-01": 73.12, "eval_mean/old": 71.0, "eval_mean/new": 52.22, "eval_mix_top_mean/total": 69.69, "eval_mix_top_mean/00-01": 73.12, "eval_mix_top_mean/old": 71.0, "eval_mix_top_mean/new": 52.22, "task_1/train_loss": 0.7407114335646232, "task_1/train_acc": 59.42, "task_1/test_acc": 70.5, "eval_top1/02-03": 66.75, "eval_mean/02-03": 66.75, "eval_mix_top_mean/02-03": 66.75, "task_2/train_loss": 0.8063463428845772, "task_2/train_acc": 44.23, "task_2/test_acc": 69.53, "eval_top1/04-05": 52.22, "eval_mean/04-05": 52.22, "eval_mix_top_mean/04-05": 52.22, "task_3/train_loss": 0.8073360648751259, "task_3/train_acc": 45.25, "task_3/test_acc": 67.18, "_wandb": {"runtime": 470}}