{"task_0/train_loss": 0.5554914682039193, "task_0/train_acc": 75.6, "task_0/test_acc": 79.31, "epoch": 1, "_timestamp": 1734056200.7338428, "_runtime": 43.633200883865356, "_step": 10, "eval_top1/total": 55.19, "eval_top1/00-01": 79.31, "eval_top1/old": 79.31, "eval_top1/new": 23.88, "task": 1, "eval_mean/total": 55.19, "eval_mean/00-01": 79.31, "eval_mean/old": 79.31, "eval_mean/new": 23.88, "eval_mix_top_mean/total": 55.19, "eval_mix_top_mean/00-01": 79.31, "eval_mix_top_mean/old": 79.31, "eval_mix_top_mean/new": 23.88, "task_1/train_loss": 1.1993437324921916, "task_1/train_acc": 17.39, "task_1/test_acc": 55.84, "eval_top1/02-03": 23.88, "eval_mean/02-03": 23.88, "eval_mix_top_mean/02-03": 23.88, "AF/top1": 0.0, "AF/mean": 0.0, "AF/mix_top_mean": 0.0, "_wandb": {"runtime": 41}}