{"task_0/train_loss": 0.27700049536568777, "task_0/train_acc": 95.24, "task_0/test_acc": 90.8, "epoch": 5, "_timestamp": 1734063223.7487228, "_runtime": 2076.403203725815, "_step": 42, "eval_top1/total": 76.22, "eval_top1/00-01": 90.8, "eval_top1/old": 85.75, "eval_top1/new": 74.6, "task": 4, "eval_mean/total": 74.23, "eval_mean/00-01": 90.8, "eval_mean/old": 86.04, "eval_mean/new": 72.22, "eval_mix_top_mean/total": 76.18, "eval_mix_top_mean/00-01": 90.8, "eval_mix_top_mean/old": 86.61, "eval_mix_top_mean/new": 74.41, "task_1/train_loss": 0.28920755940159476, "task_1/train_acc": 94.86, "task_1/test_acc": 91.56, "eval_top1/02-03": 91.04, "eval_mean/02-03": 91.04, "eval_mix_top_mean/02-03": 91.04, "task_2/train_loss": 0.21119721682326306, "task_2/train_acc": 100.0, "task_2/test_acc": 94.64, "eval_top1/04-05": 97.2, "eval_mean/04-05": 97.2, "eval_mix_top_mean/04-05": 97.2, "task_3/train_loss": 0.28145454021600574, "task_3/train_acc": 95.38, "task_3/test_acc": 61.54, "eval_top1/06-07": 63.33, "eval_mean/06-07": 64.44, "eval_mix_top_mean/06-07": 66.67, "task_4/train_loss": 0.5567793350753173, "task_4/train_acc": 74.86, "task_4/test_acc": 67.15, "eval_top1/08-09": 74.6, "eval_mean/08-09": 72.22, "eval_mix_top_mean/08-09": 74.41, "AF/top1": -0.08999999999999986, "AF/mean": 0.46750000000000114, "AF/mix_top_mean": -0.08749999999999858, "_wandb": {"runtime": 2075}}