{"task_0/train_loss": 0.22994483711818853, "task_0/train_acc": 99.38, "task_0/test_acc": 99.62, "epoch": 8, "_timestamp": 1734043555.0806167, "_runtime": 2251.08864068985, "_step": 32, "eval_top1/total": 92.64, "eval_top1/00-01": 94.38, "eval_top1/old": 94.0, "eval_top1/new": 74.44, "task": 2, "eval_mean/total": 93.72, "eval_mean/00-01": 98.12, "eval_mean/old": 96.0, "eval_mean/new": 63.33, "eval_mix_top_mean/total": 93.41, "eval_mix_top_mean/00-01": 96.12, "eval_mix_top_mean/old": 95.08, "eval_mix_top_mean/new": 71.11, "task_1/train_loss": 0.3279232730716467, "task_1/train_acc": 93.58, "task_1/test_acc": 80.75, "eval_top1/02-03": 93.25, "eval_mean/02-03": 91.75, "eval_mix_top_mean/02-03": 93.0, "task_2/train_loss": 0.25900000643271665, "task_2/train_acc": 98.46, "task_2/test_acc": 53.95, "eval_top1/04-05": 74.44, "eval_mean/04-05": 63.33, "eval_mix_top_mean/04-05": 71.11, "_wandb": {"runtime": 2250}}