{"task_0/train_loss": 0.2545100887492299, "task_0/train_acc": 97.67, "task_0/test_acc": 97.88, "epoch": 5, "_timestamp": 1734059923.0856054, "_runtime": 1494.2752304077148, "_step": 26, "eval_top1/total": 89.22, "eval_top1/00-01": 88.62, "eval_top1/old": 90.17, "eval_top1/new": 76.67, "task": 2, "eval_mean/total": 93.1, "eval_mean/00-01": 97.62, "eval_mean/old": 95.67, "eval_mean/new": 58.89, "eval_mix_top_mean/total": 92.25, "eval_mix_top_mean/00-01": 94.38, "eval_mix_top_mean/old": 93.83, "eval_mix_top_mean/new": 71.11, "task_1/train_loss": 0.31135288591186205, "task_1/train_acc": 94.92, "task_1/test_acc": 73.08, "eval_top1/02-03": 93.25, "eval_mean/02-03": 91.75, "eval_mix_top_mean/02-03": 92.75, "task_2/train_loss": 0.31622354296537547, "task_2/train_acc": 93.46, "task_2/test_acc": 65.81, "eval_top1/04-05": 76.67, "eval_mean/04-05": 58.89, "eval_mix_top_mean/04-05": 71.11, "AF/top1": -2.3149999999999977, "AF/mean": -0.3149999999999977, "AF/mix_top_mean": -0.9074999999999989, "_wandb": {"runtime": 1493}}